-1.97229970479714,-1.63265283514436
-2.10087706773301,-0.919683058819326
-2.15380680974143,-0.134810331406421
-2.12900270816551,0.624209064322927
-2.03310702748247,1.27200170539063
-1.87985817959342,1.75440503628019
-1.68815450481469,2.04825268171044
-1.47534705790186,2.18016944145457
-1.25561256500793,2.19257929602059
-1.03925327709939,2.12398128470186
-0.832691524636361,2.00891377255634
-0.638532779571475,1.87775353561322
-0.457306644528218,1.74957387028615
-0.288229570450985,1.63292072005853
-0.129919217278146,1.53327382877793
0.0192572082019983,1.45298212155302
0.161182952351227,1.39126370475356
0.297837482778575,1.34468171322112
0.430490404158292,1.30981156184747
0.560068246835798,1.28218733027596
0.687009012802909,1.25657310123374
0.811229331765616,1.22705598102588
0.932154244436483,1.1874261874684
1.04831187296981,1.13099174562754
1.15761065040143,1.05183589930726
1.25764759188188,0.94587828750874
1.3457136488785,0.810880678822053
1.41902328592819,0.647546638046733
1.47469546194966,0.461023331484136
1.51068731702105,0.259119430416919
1.52610811835054,0.0520405331635272
1.52119301895839,-0.147808819317938
1.49723059732782,-0.328910702256152
1.4564579716522,-0.483027561207084
1.40172452407399,-0.604955512675528
1.33646649942645,-0.692530099306577
1.26424072143028,-0.746566426172445
1.18815733023883,-0.770616726859669
1.11098099665964,-0.769222146321431
1.03499273908539,-0.747430193231691
0.962006295778361,-0.710645358055811
0.893309162432111,-0.663285256346018
0.829640555038107,-0.609017830823687
0.771520968712873,-0.55092073772772
0.719277122794331,-0.49143810277546
0.673041960841804,-0.432380521162694
0.63275465063601,-0.374925057563647
0.598160584179069,-0.319615246130984
0.568890777531961,-0.266559971376134
0.544782725406832,-0.216159081702342
0.525578449092012,-0.168385709631995
0.5110174140643,-0.123144150974285
0.500854066922925,-0.080318475322596
0.494857835389543,-0.0397725260545097
0.492813128308244,-0.00134992033180549
0.494519335645546,0.0351259508995434
0.499790828490397,0.0698519229093658
0.508456959054175,0.103045057183296
0.520364332178462,0.134905097915581
0.535390167734854,0.165471361237028
0.553416368003934,0.194777486171785
0.574314797332182,0.222805091318883
0.597947252886787,0.24947526506177
0.624165464655642,0.274648565568316
0.652811095447347,0.298125020790812
0.683714292819161,0.319646927914884
0.716665832783858,0.3388885025052
0.751409378025415,0.355389951067961
0.787642041326813,0.368651586646284
0.825012117265666,0.378150565857312
0.86311908221422,0.38334088889221
0.901521634253189,0.383671576971587
0.939718105494257,0.37862720116177
0.97709925438479,0.36771337409344
1.01305351205245,0.350633131718778
1.04697577487808,0.32730201256405
1.07826740449569,0.297848057729608
1.10634813040436,0.262610159083894
1.13067174322014,0.222253677343419
1.15072255761823,0.177787010896541
1.16613302502287,0.130383516942222
1.1766923816072,0.0813719389710296
1.18234664829322,0.0322364067651328
1.18317282216374,-0.0154757438193699
1.17937347793169,-0.0603415144961113
1.17128045043004,-0.101136493115153
1.15932947650426,-0.136895838045076
1.1440601904475,-0.166914289832692
1.12610832370766,-0.190743672451471
1.10608130956085,-0.208206402501102
1.08462769066532,-0.219444139807925
1.06237222252328,-0.224752567891671
1.03988183906371,-0.224553058661836
1.0176656526423,-0.219392672417681
0.996174954041465,-0.209944157848233
0.975802524365897,-0.196979275046622
0.956874428702801,-0.181107517504713
0.939654331623499,-0.162924310695591
0.924346992348388,-0.143003271510615
0.911097893634253,-0.121870997158828
0.9,-0.1
-2.0779259748832,-0.409362452022736
-2.08428084002824,0.279656687211109
-2.02531615105317,0.894231781263565
-1.90982457741144,1.39410980774912
-1.75063593583909,1.75082173615802
-1.56411730022401,1.95084301530644
-1.36461857827093,2.02050957166412
-1.16304678265857,1.99725209444294
-0.967120179639921,1.91424979666984
-0.781281003094979,1.80107447164279
-0.607477577510378,1.67925873305059
-0.445555465593866,1.55993980855623
-0.294764276689605,1.45090999316297
-0.154057790903181,1.35730799921026
-0.0220939591016071,1.28161895637369
0.102765097086672,1.22367441166504
0.222453085271784,1.18065232943222
0.338785909506317,1.14835428335783
0.452394500963512,1.12481477804493
0.563949539516047,1.10657660964186
0.673764190834414,1.08966529945049
0.781758686519421,1.06969215125151
0.887486647288637,1.04206664832341
0.989880974787179,1.00190321911763
1.08734011984047,0.944584796209023
1.17801787870008,0.866736927228637
1.25982695626502,0.766240991218775
1.33055355843179,0.642540505955101
1.38786430927158,0.498212885922209
1.42974982293375,0.338146831305268
1.45502702758565,0.1689941725284
1.46334377895404,-0.000831878910826478
1.45512483681147,-0.161995750807966
1.43159823696329,-0.306711839402472
1.39460972071861,-0.429256905730836
1.34653274163292,-0.526019564864279
1.29019892655812,-0.595500059341174
1.228286848026,-0.638554411559437
1.16329995785536,-0.657731102280341
1.09744332897811,-0.65628079788336
1.03258947463914,-0.638106492759878
0.970343762186513,-0.607109686308447
0.911737259469603,-0.566509799434661
0.85741227168682,-0.519356267765693
0.807866048523766,-0.468230355850941
0.76345080590816,-0.415245091896944
0.724373726009833,-0.362045267767379
0.69069695724073,-0.309807438983062
0.66233761425491,-0.259239924721947
0.639067777948545,-0.210582807819126
0.620514495459921,-0.163607934766831
0.606432508564991,-0.118319709602495
0.596772491783052,-0.075099682959382
0.591334010931955,-0.0338958741995583
0.589920032354951,0.00534144882419801
0.592336954354938,0.0426596867094998
0.598394607194465,0.0781039085043493
0.607906253095731,0.11171685170714
0.620688586240583,0.143538922266655
0.636561716699193,0.173606485354731
0.655349726430507,0.201871704897845
0.676871277260045,0.228191373921178
0.70092241132998,0.252380259922457
0.727274576957585,0.274203707524492
0.755674628635229,0.293377638475172
0.785844827030383,0.309568551647467
0.817485303163788,0.322434495467472
0.850231372040688,0.331526785927174
0.883665579275905,0.336359191839359
0.917340863236806,0.336518171530574
0.950780562788611,0.331662915448745
0.983478417294406,0.321525346163179
1.01492994073795,0.305899040558295
1.04457871419693,0.284765120317235
1.07181444333654,0.258375881954088
1.09611350985938,0.227172055322474
1.11704149396475,0.191781241682136
1.13425317434861,0.153017913698943
1.14749251808007,0.111883364658329
1.15658263389398,0.0695364702563627
1.16144045651856,0.0272534369919489
1.16211156233905,-0.0137431691109994
1.15876889604068,-0.0523471190795585
1.15171277060861,-0.0875685209917945
1.14135681128676,-0.118539174613208
1.12813765792025,-0.144632739888237
1.11258415941873,-0.165501533814853
1.09523033762283,-0.180988530363598
1.07659802958452,-0.191123457362007
1.05719688756709,-0.196122796494607
1.03752437904515,-0.196389783302922
1.01804286992932,-0.192439961094816
0.999139009489183,-0.184739021792854
0.981172543806715,-0.173832889716394
0.964445547404024,-0.160255883064091
0.949201102767182,-0.144526661938242
0.935623300346226,-0.127148228344794
0.923837329915087,-0.108607773090746
0.913935576934453,-0.0893324766164945
0.905983135072192,-0.0696843353328313
0.9,-0.05
-1.88534597858367,1.33851585882536
-1.73328831083997,1.67740380536652
-1.55477069555315,1.87001239796585
-1.36330857991742,1.94088619068221
-1.16945841562834,1.92269352648083
-0.980700414114632,1.8457241938707
-0.80144439953507,1.7376329174333
-0.633597964887819,1.61943849977444
-0.47747222378081,1.50307594567191
-0.33252763035078,1.39673768877439
-0.19762744098782,1.30492168329356
-0.0711112881156396,1.22867553645545
0.0485722111713885,1.16782424064198
0.162921382889707,1.12109480017153
0.27324315278575,1.0866056302616
0.380611378679315,1.0620009188736
0.485866850463565,1.04445062671281
0.58960812493782,1.03070475177288
0.692047795537413,1.01720849929469
0.792964069228611,0.999905518293071
0.89176065543045,0.974728810906844
0.987468021841009,0.937651496822234
1.07879234287632,0.884716212154177
1.16398798495311,0.812678848084341
1.24080902191128,0.719963670785863
1.30719917322761,0.606792916672626
1.36133503326044,0.475186868992641
1.40163414975033,0.328991874575349
1.42694305354489,0.174545360547339
1.43668006175733,0.0193394094132639
1.43104572308791,-0.129470844034119
1.4110738932146,-0.265069940285678
1.37855399695266,-0.381207860745229
1.33559685877478,-0.474247560006346
1.28457927350814,-0.542835509599377
1.22787453388644,-0.587232376602397
1.16782632391886,-0.609327388057714
1.10661197620985,-0.612065238112438
1.04592420976519,-0.59872275918173
0.987177404485867,-0.572820451079463
0.931510947756747,-0.537477548226921
0.879788880830204,-0.495409257507973
0.832599898826129,-0.448926758269078
0.790257350731925,-0.399937202319281
0.75281067337791,-0.349946490791103
0.720334754141539,-0.300043345495318
0.692805875976123,-0.250851783288008
0.670110587148624,-0.202841251996646
0.652116889239403,-0.156384111941138
0.638674237142219,-0.111755635933819
0.629613539064233,-0.0691340092794518
0.624747156526003,-0.0286003297752325
0.623868904361487,0.00986139228921436
0.626754050718043,0.0463642341318337
0.6331629800917,0.0811068441048115
0.642933779470819,0.114068765669188
0.655910579067084,0.145164140700276
0.671905063048053,0.174326244520259
0.690715432069386,0.201446936114669
0.71212640327485,0.226376658132388
0.735909210296315,0.248924436885649
0.761821367601562,0.268863624987893
0.789592078508487,0.285918287902551
0.818905909589805,0.299698962572372
0.849412896154792,0.309818669821853
0.880729542568369,0.315907475370878
0.912438822251107,0.317612489834709
0.944100744690028,0.314601126666285
0.9752559796849,0.306593059222442
1.0053364198795,0.29341951320213
1.03379981202053,0.275081426051936
1.06014660834752,0.25175398099555
1.08391996659285,0.223786607033765
1.1047057499817,0.191702978944476
1.12213867680041,0.156201450125171
1.13590412576653,0.118224239733066
1.14577651975552,0.0788395155431981
1.15165964260015,0.0391306901317109
1.15358726716874,0.000195113257248695
1.15172145796743,-0.0368579149285998
1.14629874607916,-0.0710161440102934
1.13765204196382,-0.101462037835759
1.12617855398569,-0.127571266588365
1.11231684271252,-0.148926509745943
1.09654682091555,-0.165317456080782
1.07938897210178,-0.176740036369138
1.06132381149651,-0.183326542191319
1.04282170338363,-0.185368160874053
1.02434085288892,-0.183249017901804
1.00628371192144,-0.177392927186295
0.988996979173538,-0.168263391066508
0.972771600120808,-0.156363600308684
0.95784276702213,-0.142236434106322
0.944396975605054,-0.126419476114216
0.932595173667451,-0.109311343751809
0.922551996476855,-0.0913204080824195
0.914341764421834,-0.0728227851080732
0.907999248651052,-0.0541572437794904
0.903519671073277,-0.0356252059960874
0.900868381036084,-0.0174929183271606
0.9,0
-1.43042607531681,2.02107279452946
-1.22750894573371,2.02280615424414
-1.02818245165003,1.95479232976292
-0.837881482053383,1.84833858440556
-0.659093375858055,1.72627669370764
-0.492444723078359,1.60408135907246
-0.337648900057625,1.49217102994705
-0.193530045055711,1.39595530138851
-0.0581328068784502,1.31618601763016
0.0701634321053639,1.25274580678255
0.192913981869722,1.20426330484766
0.311486500897056,1.16847029659478
0.426969605657954,1.14248017907462
0.540172870611158,1.12278796161925
0.651599196917546,1.10542051440536
0.761237358715469,1.08591153268688
0.868579940398899,1.05936613398226
0.972687627553861,1.02104152980132
1.07218951385121,0.966358877116967
1.16538662466618,0.891085939042451
1.24989208080788,0.792699696893214
1.32320501672668,0.670980464758882
1.38317892185569,0.52793210623654
1.42802183169783,0.367782013330593
1.45637782060132,0.197267397640124
1.46758505320151,0.0253270144901026
1.46179070211222,-0.139561976452756
1.44007003753037,-0.28967029893077
1.40441447431059,-0.418039133501735
1.3572813378466,-0.52005150882056
1.30136664182559,-0.59439809684525
1.23936402351495,-0.6415818384097
1.17385497139803,-0.663852430206934
1.10726354439372,-0.664880670388773
1.04148357218564,-0.648413509819351
0.977977487860853,-0.618547913309008
0.917922823650884,-0.578912256271084
0.862211718212005,-0.532597452055478
0.81145091662524,-0.48215695194865
0.765961770396364,-0.429606745173621
0.7257802374559,-0.376425358889973
0.690800126228323,-0.323676167958803
0.661040749074779,-0.272125908738529
0.636340561950739,-0.222142772759997
0.616522849562096,-0.174005950129577
0.601402946594581,-0.127914008052044
0.590788237713757,-0.0839848908305701
0.584478157565023,-0.042255919866732
0.582264190773611,-0.0026837936605061
0.583929871944589,0.0348554121897285
0.589250785662861,0.0705662449871924
0.598023724677378,0.104622443536708
0.610114507939479,0.136958574888232
0.625357896723785,0.167564307606499
0.643576332694172,0.19638535117197
0.664581286044636,0.223318142356096
0.688173255499285,0.248209845221312
0.714141768312342,0.270858351121043
0.74226146156141,0.291030332831109
0.772265260566653,0.308387237437964
0.803842495680366,0.322496063139167
0.836644161209845,0.332928529784529
0.870282925202138,0.339262198679528
0.904333129444042,0.341080472585303
0.938356601135604,0.337965138193679
0.97187164922733,0.329532469279489
1.00424541046702,0.315585396661667
1.03488473933536,0.296109069309054
1.06324836653648,0.271268179169154
1.08884689899793,0.241406961168138
1.1112428198707,0.207049193210844
1.1300505070681,0.168898684549379
1.14493353898133,0.1279195283055
1.15563167773122,0.0853325992420716
1.16201974216355,0.0423646129258822
1.16411540727047,0.000220207121263118
1.16207920419052,-0.039918058209915
1.15620105133988,-0.0769096408306447
1.14682999162929,-0.109835665214587
1.13440935044921,-0.138005521965955
1.11942535159605,-0.160957667095727
1.1023996786379,-0.178465477702672
1.08388947491446,-0.190537251973345
1.06444687888477,-0.197366232991316
1.04457047358294,-0.199266955643913
1.02473868393971,-0.196670343869127
1.00537546359123,-0.190064211249223
0.986850052974721,-0.179992930988035
0.969476263047797,-0.167052098052783
0.9535027774397,-0.15176661468035
0.939140395440282,-0.134653935450403
0.926558749352165,-0.116213590700365
0.915881006537809,-0.0968964534572338
0.907183869419509,-0.0771047394375795
0.900497575479397,-0.0571920070475464
0.89580589725944,-0.037463157382851
0.89304669171457,-0.0181747727381018
0.892165696890848,0.000429803244880546
0.893101503917085,0.018121369544395
0.895753341091906,0.0347032445456022
0.9,0.05
-0.462560653551399,1.86692235389757
-0.282128515103762,1.74515354399266
-0.112925548591177,1.641712174234
0.0469631466863374,1.55834564948735
0.199423628463684,1.49422163276038
0.346294610366205,1.44599023626034
0.488982787650083,1.40897229578771
0.628304983469032,1.37746622245741
0.764457650290493,1.34491584013917
0.896981163432841,1.30404554764762
1.02483095577789,1.24716959563457
1.14588290421705,1.16669971743539
1.25725177716426,1.05670864787346
1.35593119952443,0.914167961135645
1.43879972986326,0.738960058312676
1.50284137137497,0.5350257446811
1.54543048939722,0.311899136088986
1.56501717529141,0.0810880784761203
1.56159218825998,-0.144282321944726
1.53661428962815,-0.349699908994376
1.49264172605151,-0.52382549922832
1.43319633069076,-0.660866803564257
1.36197129018846,-0.758519038814284
1.2827500837961,-0.817887094705148
1.19936821524011,-0.84336449860809
1.11496368488819,-0.840569269621845
1.03197113352397,-0.81567199812815
0.95233285414084,-0.774475135722251
0.877446584644152,-0.722110607232452
0.808173529235405,-0.663041858840917
0.745079627041822,-0.600799230670066
0.688278925192982,-0.537478441963886
0.637695292228422,-0.474661753572761
0.593202426544507,-0.413606034733671
0.554623856394435,-0.35524276307019
0.521732939888229,-0.300178024592491
0.494252864992746,-0.248692513697344
0.471856649531669,-0.200741533168113
0.454167141185514,-0.155954994174762
0.440762450733085,-0.113658411297596
0.431402527496233,-0.0737027485797735
0.425921448944705,-0.036007790094471
0.424117902017562,-0.000290884681821479
0.425808784869734,0.0337014719399374
0.430829206872019,0.0661936371744643
0.439032488611084,0.0973808215473121
0.450290161889465,0.12742908870593
0.464491969725565,0.156475355419661
0.481545866353656,0.184627391579745
0.50137730198851,0.211962818798744
0.523903953298328,0.238484853407878
0.549044470378185,0.264126021983899
0.576705106080405,0.288758063864166
0.606768998296006,0.312181590092186
0.639096169954693,0.334126083417614
0.673523529024866,0.354249898296254
0.709864205928601,0.372153646609716
0.747879228352667,0.387377514614105
0.787252746133626,0.399274645381546
0.827611811885613,0.407194948864838
0.868527947176724,0.41050846846502
0.909517142529015,0.408605381031373
0.950047172083573,0.400892065670266
0.989585753465824,0.386786808604124
1.02738156589441,0.366000157275088
1.06269277149823,0.338529429391341
1.09485624809409,0.304627919282855
1.12328758918677,0.264804897901386
1.14748110396898,0.219825612820478
1.16700981759651,0.170711340610162
1.18152558223558,0.118821875847752
1.19079462659285,0.0658407587914708
1.19475692132256,0.0134077223741948
1.19353421278169,-0.0369261139638923
1.18743002302996,-0.0836982442752963
1.17691170539182,-0.125557191228946
1.16250592874909,-0.161509032809315
1.14484217520466,-0.190918206357786
1.12457828017265,-0.2134468943265
1.10238875604786,-0.229059365599455
1.07896479220582,-0.238021975492511
1.05496877974458,-0.240814476067813
1.03097720803617,-0.238003201436971
1.0075243467881,-0.230262334668229
0.985068955482874,-0.218290329983514
0.963994052104645,-0.202809437262849
0.944606779485956,-0.1845586383333
0.927142113324802,-0.164158610588711
0.911785384659931,-0.142196206855717
0.898675338290616,-0.119222993335245
0.887902994318595,-0.0957260824963355
0.879511648148077,-0.07212813307614
0.873496870485742,-0.0487873500799245
0.869806507340733,-0.0259974847810677
0.868340680024667,-0.00398783472106255
0.869000645407765,0.0170245221878028
0.871701007211753,0.0368041712857015
0.87631113933485,0.0551571548189953
0.882680450118611,0.0719088545143731
0.890638382347924,0.0869039915788498
0.9,0.1
-1.86580593398789,-1.15246235263199
-1.95385392026588,-0.597881536178058
-1.98428504004838,-0.0108025321820843
-1.95711387516108,0.545652788702513
-1.87836456572089,1.01851611264103
-1.75746141558763,1.37807551698404
-1.60652386770031,1.61292608431249
-1.43888704799473,1.72758585837587
-1.26452902654393,1.74847564211198
-1.09097200287884,1.70578297384216
-0.923693934389581,1.62416191579625
-0.766128536325488,1.52273305411264
-0.619665281795082,1.4150834988382
-0.483735730878965,1.30945750438418
-0.357772965622758,1.21230474190687
-0.240899367254143,1.12670096441259
-0.131893250879179,1.05391836680969
-0.0295220870566342,0.994396187676725
0.0674574982020088,0.947740709262486
0.160299723432556,0.912725257485993
0.250213784037795,0.887446024735832
0.338044548686923,0.870355359325817
0.42451045491306,0.859653544663842
0.510137918959904,0.853291802698637
0.595239243088686,0.849023337240052
0.679912615578181,0.844403333959054
0.764043442192953,0.836897983581264
0.847161927016338,0.823600703651598
0.928497490264871,0.801567729829591
1.00705800626875,0.768203071894729
1.08162986919754,0.721258888377903
1.1508404126931,0.658885751747952
1.2130575888984,0.580416635287865
1.2665341271641,0.486671244324852
1.30985729693179,0.379687664144662
1.34196010808826,0.262717296738863
1.36212465034966,0.140225369920757
1.37005597774429,0.0176990289470519
1.36595397805233,-0.0994764943129699
1.35052550036238,-0.206648146827014
1.32498761638649,-0.299916993018516
1.2910096043145,-0.3762191421271
1.25033902969295,-0.434188456373825
1.20481102294873,-0.473844400293909
1.15618072697778,-0.49607138282801
1.10609989249415,-0.502615958346632
1.05610148587934,-0.495730014187196
1.00738661402881,-0.477524974901916
0.960863831400347,-0.450577318246045
0.917284725851719,-0.417175359741454
0.877246064714281,-0.379285739344327
0.841189794792989,-0.338553421445162
0.809403042366393,-0.296301694868768
0.782018113186638,-0.253532172874271
0.759012492479465,-0.210924793155109
0.74020884494421,-0.168837817839034
0.72541014022505,-0.127504303629804
0.714668495922309,-0.0874259155661696
0.707859219023195,-0.0488103016666403
0.704832406284248,-0.0118214588130955
0.705423629993877,0.023404338739324
0.709453937972354,0.0567585393622149
0.716729853571816,0.0881603140539137
0.727043375676267,0.117556556439495
0.740182934060347,0.144887290058024
0.755945317745155,0.169987586849047
0.7740998284135,0.192669200940857
0.794393590342763,0.212726689239041
0.816551797242117,0.229936916201148
0.840277712252531,0.244059053836689
0.865258936334062,0.254852524550947
0.891149606059702,0.26204542524418
0.917556444953057,0.265332858155103
0.944075327605763,0.26448670420271
0.970292389017505,0.259358734857841
0.995784024596013,0.249880612143186
1.02012791298639,0.23605748680605
1.04290933100308,0.218005369339982
1.06367253803689,0.196042372043258
1.08202819684188,0.170610696312104
1.09766335413649,0.142268987034632
1.11034144060359,0.111692332590831
1.11990226822562,0.0796722510484719
1.1262498411578,0.0470716810428811
1.1293542590916,0.0147956779416654
1.1292763277122,-0.0162897663076878
1.12616409948197,-0.0454140484560295
1.1202528736405,-0.0719019539525496
1.11186065294211,-0.095175087189881
1.10132164727517,-0.11480409985214
1.08902164803179,-0.130535837477717
1.075358220675,-0.14225042221623
1.06072296934927,-0.149959218676354
1.04550153688057,-0.153804833925828
1.03007360477634,-0.154061117491447
1.01478963171611,-0.151060271217037
0.999954869811559,-0.145136252414214
0.985845232589738,-0.13667187138426
0.972694650724817,-0.126060466066465
0.960695072038059,-0.113705902038127
0.95,-0.1
-1.0383774771812,1.4116207790858
-0.900758623165826,1.33735044376256
-0.771405427877019,1.24776055502255
-0.651370024561739,1.15282390824324
-0.540821779677011,1.05953624206855
-0.439331739684417,0.972124808530318
-0.346111158332791,0.892237423037317
-0.260337117838368,0.821025748814838
-0.181166515274639,0.759234211864009
-0.107736062572354,0.707200000961786
-0.0391622865195171,0.66485306766096
0.0254584712386105,0.631716126290153
0.0870500541995106,0.606904653953819
0.146556491003409,0.589126890532244
0.204796710183387,0.577060592170815
0.262127665220934,0.570447179466451
0.319046836299725,0.568585441944775
0.375986729535945,0.570668103359148
0.433293072025205,0.575831905191737
0.491224811842541,0.583157606653515
0.549954118042413,0.591669984684264
0.609563782711406,0.600335984892194
0.67000659348533,0.607919760604326
0.731089440029019,0.613027404959482
0.79248573804614,0.614230759499888
0.853735608127121,0.610069129099982
0.91424755857082,0.599049576389493
0.973364734586575,0.579693314222032
1.03007920971111,0.550763577861376
1.08329307614497,0.511525810348531
1.1319711694207,0.461787769346124
1.17514106840289,0.401899527138408
1.2118930952881,0.332753470631264
1.24139802529724,0.255864635597217
1.26297534449501,0.173798717038468
1.27617296835474,0.0894785599583817
1.28088799835481,0.00586100040542609
1.27737280629024,-0.0740592710697327
1.26621923717165,-0.147281861294728
1.24820547102656,-0.211408983995653
1.2243256335579,-0.264870829210591
1.19566414767438,-0.306746961791201
1.163367419162,-0.336778332279467
1.12864258842026,-0.355364927702049
1.09261748081976,-0.363337635896763
1.0562808945924,-0.361829466549494
1.02052188425209,-0.352125654877009
0.986091481314758,-0.335555371396157
0.953602694298371,-0.313491721923864
0.923535522785955,-0.287243343342247
0.896241436893517,-0.257845719997077
0.871976247210987,-0.226279865848289
0.850927927394339,-0.193399188267472
0.833216927063268,-0.159926693158273
0.818896171801187,-0.126454984956394
0.807951063155228,-0.0934462666295944
0.800299478636245,-0.0612323396776896
0.795791775741027,-0.0300146091200788
0.794300270077093,1.42758363318729e-05
0.795738155543393,0.0285960258379173
0.799954653915025,0.0555346065197477
0.806779189391189,0.0806470481228915
0.816021388595182,0.103763445494417
0.827471080574401,0.124726958087394
0.840899451964329,0.143394478238692
0.856073969250454,0.159612238222775
0.872737310790208,0.173171340442442
0.890612770715994,0.183880123849493
0.909408986482601,0.191575925175594
0.928819938867201,0.196125078932283
0.948526654197411,0.197422930773916
0.968222976886665,0.195392524757539
0.987548815524067,0.190004500702206
1.0061486170494,0.181310182074981
1.02369703468281,0.169445046366022
1.03989892792486,0.154628725088579
1.05448936255646,0.137165003778998
1.0672341890011,0.117439034685959
1.07793006045403,0.0959037466133715
1.08640400602501,0.0731147468966197
1.09254695064086,0.0496464381651514
1.09631867142978,0.0260751164501929
1.09774779772135,0.00297897118475045
1.09692813039187,-0.0190675979152956
1.09398504402036,-0.0395558951324046
1.08909470456342,-0.0580417084578847
1.08246865187585,-0.0741733042363888
1.07434858284453,-0.0876990601127879
1.06500635138843,-0.0984674650321709
1.05473350320002,-0.106420836572597
1.04380169626606,-0.111572647755937
1.03249628177784,-0.114016730461485
1.02108340023072,-0.113897887098856
1.00980608137236,-0.111409231649843
0.998884244202648,-0.10679218966842
0.988514677917806,-0.10033600866932
0.978868948137579,-0.0923216450926417
0.970091884380317,-0.0830122244513238
0.962300421509275,-0.0726801089754279
0.955582700041753,-0.0615909881371923
0.95,-0.05
0.0269258074153135,0.370816238575009
0.0632858530978098,0.357139705761356
0.0984820449092165,0.347574861665146
0.132910167822925,0.34178212452957
0.166935115152343,0.33944036145596
0.200890888550894,0.340246888403788
0.235080598012019,0.343917470190669
0.269776461869172,0.350186320492359
0.305219806795826,0.358806101842757
0.341622563019464,0.369539360717928
0.37918784147604,0.382090062976613
0.418092960920502,0.396154462809363
0.458470179001723,0.411373814156244
0.500406891057687,0.427321531412316
0.543945630115483,0.443503189427633
0.589084066891308,0.459356523507245
0.635773438132299,0.474255274295795
0.68388645114142,0.487472259720468
0.733198944251978,0.498101196738622
0.783397517294496,0.505193526769495
0.834079093186227,0.50777626312382
0.884750917931164,0.504851991003823
0.93485826789678,0.495434229973513
0.983699706928284,0.478618795015078
1.03040934458783,0.453705650496105
1.07414850658776,0.420370877371034
1.11411107590838,0.378671259581524
1.14952349279793,0.329044284056459
1.17965587600789,0.27232158987878
1.20386235709361,0.209969411779079
1.2216064256069,0.143925314400331
1.23259853909678,0.0762663795554778
1.23680842945417,0.00919668921424512
1.23446349448567,-0.0549557325910457
1.22596918770417,-0.11401249733607
1.21191543918809,-0.166274293528568
1.19302564071512,-0.210489403792342
1.17011868684402,-0.245882067401104
1.14410897491468,-0.272152480278478
1.11594999211424,-0.289429933081081
1.08649618007612,-0.298186145693547
1.05657048077432,-0.299158445980382
1.0269039230845,-0.293210065657012
0.998133328998508,-0.281327295049662
0.970799196904922,-0.264593141919649
0.945325437188252,-0.243927220901389
0.922053093375279,-0.220235694825071
0.901255372242441,-0.194355864389586
0.883135999841999,-0.167022842659712
0.867829221502037,-0.138869555066122
0.855399801826461,-0.110426739405383
0.845843024694997,-0.0821229458399517
0.839084693263197,-0.054284536898179
0.835021468905313,-0.027167693010257
0.833613666341532,-0.00106237879520725
0.834754821724898,0.0237868766298027
0.838312578259336,0.0471617158353044
0.844132173661871,0.0688676180716477
0.852036440162624,0.0887338992689989
0.861825894527139,0.106613751267671
0.873295329958656,0.12237099848779
0.886225963565575,0.135828430010822
0.900378017204134,0.146820001818569
0.915499765120854,0.155209380140018
0.931327533952541,0.160889941451339
0.947585702726288,0.163784772475886
0.96400692442392,0.163844018221837
0.980298294197712,0.16104503675065
0.996154106951693,0.155423314879846
1.01129306308633,0.14708012057488
1.02545826973333,0.136182502991446
1.03841724075566,0.12296329247548
1.04996203663315,0.107720523577537
1.05991195141953,0.0907951809428436
1.06810506254825,0.0726083331911162
1.0744254016992,0.0536114231263864
1.07881172906215,0.0342599469592575
1.08125753333671,0.0150134543069052
1.08181081156613,-0.00366481149191329
1.08055211939749,-0.021344282402119
1.07759592357955,-0.0376390090001783
1.07309308490993,-0.0522217404608595
1.06722166994293,-0.0648408389056196
1.06018695098952,-0.0753202794026039
1.05221917741455,-0.0835586337977101
1.04353730507959,-0.0895136391205758
1.03437533781709,-0.0932100640572093
1.02496152705622,-0.0947216309483173
1.01550696392426,-0.0941650010875338
1.00620557924663,-0.0916997747214207
0.99723414354683,-0.0875284910494669
0.988751155739032,-0.0818876896107697
0.980892630699617,-0.0749844986037482
0.973778764531028,-0.0670412984441207
0.967506068330128,-0.058280246985501
0.96214618127333,-0.0489171112583447
0.957745870616594,-0.0391612674699491
0.954327999323762,-0.0292149055189481
0.951904717845077,-0.0192615854126266
0.950470235552075,-0.00947096603838418
0.95,0
-0.173352217152885,0.817109570238324
-0.0943570848874383,0.764548136415144
-0.0201217914507503,0.721771537807286
0.0503004926209416,0.68807512535592
0.117775414700387,0.662678350728946
0.183087440069324,0.644724766320988
0.246936117433084,0.633288717769388
0.30993052700854,0.62744912493138
0.372587650542759,0.62625608808179
0.435315656565427,0.628676683185566
0.498413238109154,0.633594097509802
0.562069612709473,0.639807629623733
0.626365227034122,0.646039112798794
0.691252269902323,0.650916761109457
0.756486048760322,0.652763435169418
0.82166274665243,0.649881333561911
0.886229030039965,0.640614632204265
0.949482048801251,0.623349484347908
1.01061164131076,0.596511394235905
1.06860579117505,0.558837141790994
1.12218537373711,0.509790456374978
1.17018696467402,0.449508175609597
1.21158116755987,0.378794594613518
1.24547261386585,0.29912146600234
1.27110626673476,0.212654382006964
1.28794026462291,0.122541567743379
1.29571187362948,0.0322526036183703
1.2945231737227,-0.0549302784449086
1.28485218482388,-0.135912241314668
1.26754539621292,-0.207791951182717
1.24361357066326,-0.268340583953431
1.21427315827232,-0.316482400486617
1.18078912127139,-0.351797485394261
1.14439467742389,-0.374473775963905
1.10629130002532,-0.385307062158636
1.0676435563415,-0.385680902285282
1.02943137044256,-0.377025935721741
0.992468587384337,-0.360815387840388
0.957447652119702,-0.338518140507578
0.924918464820132,-0.311492720866959
0.895288380875726,-0.280987301339476
0.868825038969765,-0.248133955189186
0.84571471490671,-0.21381319340539
0.826064321670031,-0.178723019029272
0.809923574596187,-0.143475916792549
0.797297039644846,-0.10858753015663
0.788144133398884,-0.0744766613126216
0.782379123064387,-0.0414652711813213
0.779871126470646,-0.009778479413221
0.780444134819982,0.020455401102042
0.783934207143808,0.0491051257182752
0.790199832628228,0.075965905339538
0.799056380689931,0.100865348078903
0.810300604135558,0.123633801529773
0.823710639161698,0.144104352765874
0.839046005354889,0.162112828341264
0.856053729515322,0.177507426046404
0.87447011991084,0.190111347056382
0.893991590393537,0.199689660573658
0.914302619396187,0.206050056055647
0.935077785595864,0.209048073628116
0.955981767913939,0.208587104085179
0.976669345516084,0.204618388889301
0.996808081932702,0.197129785257555
1.01603423397647,0.186194957502516
1.03398227684164,0.171996705963984
1.05033377304284,0.154806239445409
1.06481737370213,0.134983174531944
1.07720881854897,0.11297553559045
1.08733079737892,0.0893164669682757
1.09504579967184,0.0645918820681169
1.10026356900024,0.0394590838506769
1.1029631914929,0.0145582205423749
1.10319484107402,-0.0095069951038388
1.10107977946318,-0.032169285808482
1.09680382663843,-0.0529040054129726
1.09057396534525,-0.0712869468349183
1.08264279998886,-0.0869903001848926
1.0732841340851,-0.0997910945306521
1.06278770950632,-0.109574817451081
1.05145920648143,-0.116335415036194
1.0396073327458,-0.120159209021924
1.02751324780196,-0.121180362650269
1.01545288050809,-0.119597691214476
1.00367497216398,-0.115646641162402
0.992399924910509,-0.109597892810301
0.981819801729636,-0.101757360342816
0.972091394214306,-0.0924207484566595
0.963349391424629,-0.0818736858722179
0.955709258601547,-0.0704186334519731
0.949256371070925,-0.0583360899982341
0.944046013786722,-0.0458845901873742
0.940103381330995,-0.03330070456983
0.937423577913897,-0.0207990395701018
0.935971617373676,-0.00857223748675417
0.935706644976202,0.0032013144751056
0.936588338338992,0.0143509221750487
0.938548651466723,0.0247266086027105
0.941504484254583,0.0341979335433645
0.945357682488269,0.0426539935779222
0.95,0.05
-0.39000793110344,1.45738097856262
-0.249365181515095,1.3588066881285
-0.117790093192054,1.27553777323905
0.00630997024756935,1.20780547615012
0.124405089820441,1.15499176983903
0.237842791178013,1.11562935800453
0.347848044606518,1.08740167506686
0.455501008253997,1.06720773695049
0.561444933420237,1.05185934038822
0.665945692812923,1.03772213892832
0.768909665608627,1.02085413025683
0.869859580749163,0.99709794432566
0.967966164165979,0.962122778426203
1.06196319430548,0.911749265271421
1.14988467513835,0.842524696870911
1.22971873488642,0.752535133140922
1.29947997962009,0.641476786059753
1.35721007896455,0.510657427258033
1.40114758685233,0.363818849360066
1.42985312777686,0.207352378415193
1.44258966815431,0.0482419933993483
1.43950860904901,-0.106043905282561
1.42163667443707,-0.247587733959061
1.39059019650722,-0.369761342564234
1.34851520757308,-0.468810736785455
1.29775644503764,-0.542885819058681
1.24075534766195,-0.592012087444427
1.18003271365438,-0.618047839428676
1.11778189837392,-0.623807095441526
1.05582527562109,-0.612671954522899
0.99568900758077,-0.588046286125374
0.938562367802611,-0.553185409351638
0.885311186961439,-0.51117866619894
0.836575881917937,-0.464488573488707
0.792637208283499,-0.414898814548264
0.753652190398789,-0.363915404410018
0.719707127111011,-0.312776821610716
0.690817591773911,-0.262454008191454
0.666928432247776,-0.213650369697667
0.647913770899433,-0.166801775179134
0.63357700460225,-0.122076557189977
0.623650804736137,-0.0793755117886615
0.617815551301041,-0.0383817266063066
0.615945690388775,0.000775016392606215
0.617898309380955,0.0380412100395654
0.62348917138322,0.0734482386288921
0.632531589827408,0.10700341016681
0.644836428471548,0.138689956371444
0.660212101399871,0.16846703267282
0.678464573022802,0.196269718212866
0.699395719950678,0.222005294219056
0.722791432874553,0.245491101937838
0.748413770857863,0.266461217794304
0.775994174354985,0.284617716728883
0.805232944720447,0.299632285267176
0.835799244208936,0.311146221519955
0.867336276487886,0.318788333311116
0.899442508950433,0.322178546561498
0.931644179225989,0.320895314755372
0.963453494555123,0.314629612588492
0.994372442023755,0.303195270738081
1.02389278856314,0.286528975862825
1.0515085005973,0.264685807474145
1.07672142614465,0.237915738405907
1.09901181818072,0.206739826071695
1.1179563497883,0.1718421765767
1.13323719580762,0.134062509445488
1.14464203283628,0.0943961576220012
1.15206085756927,0.0539787630795036
1.15546781491772,0.013982183473628
1.15494649209525,-0.0244372745762014
1.15068861272489,-0.0602615229729515
1.14299223823666,-0.0926235063526248
1.13226176786765,-0.12080720208426
1.11895069859652,-0.144263856639918
1.10353712969796,-0.162717283309589
1.08655247816157,-0.176089852789518
1.06850082493088,-0.184449995058038
1.04985841328952,-0.1880121023298
1.03107364886128,-0.187136529055774
1.01256709961003,-0.182329591923252
0.994709896987866,-0.17412725876412
0.977814367670414,-0.162988637695058
0.962159950282887,-0.149430632751765
0.947973010231723,-0.133942549564147
0.935426743604437,-0.116985633767824
0.924641177169625,-0.0989930710041216
0.915683168376966,-0.0803699869200814
0.908586928465747,-0.0614667651051326
0.903376782030451,-0.0425858655299921
0.90004065102551,-0.0240221223091247
0.89853947438681,-0.00603762231131074
0.898807242480548,0.0111383564106115
0.900750997103231,0.0273093446197464
0.904250831481679,0.0423116818951396
0.909177311139166,0.055995935188867
0.915398871582634,0.0682059434987986
0.922762843644768,0.0788096522766807
0.931104083568424,0.0876977952303274
0.940244973006627,0.0947838943236208
0.95,0.1
-1.47775743730134,1.30905853126643
-1.34263582027948,1.38178995530821
-1.20349333816044,1.39206813425167
-1.0657525236168,1.3562122714796
-0.933259921406179,1.29010465180564
-0.808354747345953,1.20680715326687
-0.692126052364969,1.11583452333234
-0.585044302853777,1.02438479677213
-0.487027626992753,0.937340106554898
-0.397441814752106,0.857266683847956
-0.315378519677824,0.785394656260118
-0.240036570978892,0.722365476440985
-0.170538396393296,0.667975772641167
-0.106046806362561,0.621942707344124
-0.0457650614086821,0.583904277317739
0.0110631278658757,0.553419313614313
0.0651536007781776,0.529967481570569
0.117181746564818,0.512949280807647
0.167782504381922,0.50168604523111
0.217550363305145,0.495419943030939
0.266959010621639,0.493494831523954
0.316376400869631,0.495449640686046
0.366164926388681,0.500703246448761
0.416618586623379,0.508618024793857
0.467962961027402,0.518499899058101
0.52035520906351,0.529598339933269
0.573884070203554,0.541106365466144
0.628561130337347,0.552149725027492
0.684280666221618,0.561653527157729
0.740818398967377,0.568431551385644
0.797835370824233,0.571259979008274
0.854877942478535,0.568877456805989
0.911386565758695,0.55999259175
0.966715093430719,0.54337877960892
1.01992188147835,0.517956003630459
1.07003834747779,0.483065809915612
1.11613047552626,0.438518159934372
1.15729881624203,0.384591430525726
1.19267879208477,0.322032627885634
1.22149198680763,0.252240108290853
1.2430584291146,0.17744204858534
1.25694448238016,0.100106373448998
1.26303073028536,0.0228436959732462
1.26151197681784,-0.0515926823389853
1.25285143898833,-0.120441980325312
1.23769842446534,-0.181548808982662
1.21689934078743,-0.233336381841556
1.19140276698859,-0.274818573190584
1.16225698951131,-0.305603145282826
1.13058542068392,-0.325864819334571
1.0973977570019,-0.336179338796523
1.0636448507703,-0.337475029007129
1.03017391510751,-0.33081913876412
0.997714828336346,-0.317394433212161
0.966879983166609,-0.298490063402163
0.938152837323997,-0.275229162925919
0.911899216758169,-0.248641962126754
0.888408103055923,-0.219693646051433
0.867895389407142,-0.189224175269664
0.850503880604782,-0.157948285874091
0.836303293044877,-0.126455489480302
0.825290254726538,-0.0952100732268236
0.817388305251955,-0.064551099775122
0.812457019648734,-0.0347018796699488
0.810431083575327,-0.00593311337324688
0.811215091525971,0.0215022773800474
0.814669124444467,0.0473922562079183
0.820632036043049,0.0715440606477688
0.828921452802376,0.0937842021564208
0.839333773971536,0.113958466110114
0.851648970520446,0.131930558528899
0.865644600050395,0.147533247852254
0.881071625049473,0.160571220139935
0.897665460143914,0.170874491620421
0.915147482864764,0.178300488749208
0.933225033647883,0.182734048208808
0.951598972180557,0.18408830550737
0.969969407037831,0.182302388933493
0.987994467943526,0.177360380204809
1.00535098633243,0.169321916246265
1.02174044491021,0.158323810502219
1.03688897765337,0.144580052936438
1.05054736980929,0.128381810032104
1.06249540883474,0.110082596829003
1.07253455870119,0.090120354233561
1.08050635655913,0.0689998507622463
1.08631499124072,0.0472377534258836
1.08992747233527,0.0253621512381133
1.09137363018928,0.0039125552153912
1.09073101441141,-0.0165875626991235
1.08811074333861,-0.0356717708800601
1.0836718316225,-0.0529302955761466
1.07760570845196,-0.0680413275402091
1.07013608763918,-0.0807712535789959
1.06151896761961,-0.0909746565531764
1.05201828106535,-0.0985826788641497
1.04188831051832,-0.103597233935628
1.03138517783001,-0.106089332871525
1.02075218504363,-0.1061888196682
1.01021981439415,-0.10408437121446
1,-0.1
1.24912693355143,-0.488654586686456
1.19831600585505,-0.524311644119219
1.14488392126357,-0.54137064874386
1.09057029416577,-0.542165798382103
1.03686868879452,-0.529450628383682
0.985013385173987,-0.505866956944559
0.935977523854679,-0.473898649480818
0.89047310591339,-0.43587161862867
0.848975129337116,-0.393905574355391
0.811825106612187,-0.34948667491327
0.779156144229741,-0.30374274470426
0.751032840857876,-0.257638101837899
0.727468970086273,-0.211964205459732
0.70842748042619,-0.167339655751317
0.693820495310468,-0.12421019393022
0.683509313093527,-0.0828487022500198
0.67730440705137,-0.0433552040003038
0.674965425381578,-0.00565686350667076
0.676232667549445,0.0304143282374567
0.680998376193843,0.0646707288497963
0.689097255071794,0.0970198194981947
0.700336089894611,0.127384128952387
0.714509627882095,0.155662735497761
0.731400577762538,0.181731266935363
0.750779609772725,0.205441900581889
0.772405622749065,0.226626492997377
0.796017418483486,0.24505556566828
0.821319949791042,0.260417712977945
0.847989603409468,0.272404851005955
0.875674728632265,0.280717667368627
0.903995637308699,0.285065621219021
0.932555953242768,0.285177499024585
0.960927783478775,0.280818762398143
0.988614490225975,0.27181195551984
1.01513900412938,0.258118840357286
1.04004901004853,0.239844697752341
1.0629169470575,0.217238327421112
1.08334141176946,0.190690316889992
1.10096435494935,0.160741813566821
1.11545146180008,0.128157363681895
1.12656028792578,0.09378579855456
1.13415801971443,0.0585287222042066
1.13822147433783,0.0233405113502704
1.13883168710141,-0.0107839265287611
1.13613333281677,-0.042932838060916
1.130359237754,-0.0722988604844463
1.12180809741143,-0.0982331959302886
1.11083876271142,-0.120257052129469
1.09787024000037,-0.138061642413107
1.08335147406872,-0.151497880732925
1.06770885039514,-0.160573058090689
1.05137751212269,-0.165429160230067
1.03476359678542,-0.166304746087634
1.0182433516961,-0.163534436303651
1.00216227641329,-0.157546221796582
0.986806833514585,-0.148753253922882
0.972438317153235,-0.137596312343303
0.959286254158688,-0.124526640649067
0.947534100395123,-0.109965726812144
0.937319240761443,-0.0943053031852449
0.92873298919128,-0.0779073465018249
0.92182058865299,-0.0611040778760843
0.916581211149658,-0.0441979628029668
0.912999137554455,-0.027454663906082
0.911069353169738,-0.0111166949961235
0.910743505207719,0.00458510748773
0.911951615022996,0.0194462531494692
0.914602286682454,0.0332886796923451
0.918582706965267,0.0459607529188692
0.923761166590387,0.0573372172794638
0.930006475628827,0.0673007205984786
0.937170418504122,0.0757311593288384
0.945095506735417,0.082534576191043
0.953617905283005,0.0876456355572142
0.962567432548318,0.0910276234510961
0.971768922751656,0.092671866541082
0.981059680245361,0.0925846591925484
0.990256844164355,0.0907992012674626
0.999183695961177,0.0873824135588384
1.0076806124856,0.0824325725729146
1.01560506598461,0.0760793105291552
1.02283162410246,0.0684836153602491
1.02925196933233,0.0598374478361685
1.03477303145244,0.050342315597142
1.0393135507588,0.0402283679881379
1.04281730599381,0.0297371113985949
1.04525612052106,0.0191056278593746
1.04662986232539,0.0085665750427609
1.04696644401288,-0.00165181373753982
1.04631226088161,-0.011337300060366
1.04472633834125,-0.0202995330405179
1.04228804196341,-0.0283711604236097
1.03909002807518,-0.0354206138074547
1.03523823504291,-0.0413521207861404
1.03085188327215,-0.046105704950028
1.02605339050628,-0.0496507108434444
1.02096187753351,-0.0519808932916547
1.01569788424628,-0.0531193853542369
1.01037702172401,-0.0531155161582408
1.00510997223302,-0.0520448108981879
1,-0.05
1,0
1,0
1,0
1,0
1,0
1,0
1,0
1,0
1,0
1,0
1,0
1,0
1,0
1,0
1,0
1,0
1,0
1,0
1,0
1,0
1,0
1,0
1,0
1,0
1,0
1,0
1,0
1,0
1,0
1,0
1,0
1,0
1,0
1,0
1,0
1,0
1,0
1,0
1,0
1,0
1,0
1,0
1,0
1,0
1,0
1,0
1,0
1,0
1,0
1,0
1,0
1,0
1,0
1,0
1,0
1,0
1,0
1,0
1,0
1,0
1,0
1,0
1,0
1,0
1,0
1,0
1,0
1,0
1,0
1,0
1,0
1,0
1,0
1,0
1,0
1,0
1,0
1,0
1,0
1,0
1,0
1,0
1,0
1,0
1,0
1,0
1,0
1,0
1,0
1,0
1,0
1,0
1,0
1,0
1,0
1,0
1,0
1,0
1,0
1,0
1,0
0.501448331034063,0.427083760384919
0.544967558183732,0.443295124973716
0.590097086857619,0.459180054673471
0.636777980474027,0.474102414115131
0.684872300357603,0.487275278357807
0.734155739954237,0.497837881789696
0.784318245809612,0.504869375082694
0.834964017569203,0.507388825192395
0.885623991908211,0.504406761833937
0.935687520480651,0.494929901649487
0.98440452427518,0.478015953475975
1.03099968141424,0.453029242129462
1.07467521884966,0.419647607691945
1.11461104691748,0.377862341108775
1.15001707632656,0.328040385579586
1.18008140040212,0.271223675675212
1.20412186433946,0.208880125995241
1.22168346816082,0.142793319514309
1.23253836671541,0.0750625075821029
1.23667684407466,0.00806453343591573
1.23427557784469,-0.0558796361553313
1.22572495965526,-0.114719860784885
1.21158783760599,-0.16680822296333
1.19259503091232,-0.210911356967582
1.16964065024524,-0.246210099734615
1.14362931070727,-0.272357276664926
1.11546551096324,-0.28951976743339
1.08602332037429,-0.298148563742707
1.05610862228954,-0.298943027569451
1.02645911404615,-0.292850891164069
0.997717585122601,-0.280938480739431
0.970402466541586,-0.264171646194417
0.944960469900591,-0.243528870449302
0.921750339396232,-0.219900678806291
0.901042595166573,-0.194088405480864
0.883019533291128,-0.166804193601772
0.867775225790856,-0.138670995211037
0.855332889349406,-0.110213262921554
0.845724068033607,-0.0818376336235124
0.838928791800729,-0.0539128150772534
0.83489260007235,-0.0267647014627228
0.833530396428409,-0.000673985524035803
0.834726448607203,0.0241238414305207
0.838334388505386,0.0474384895284903
0.844180858303902,0.0691212947203763
0.852101669296341,0.0890018972337463
0.861911519626057,0.106889620556018
0.87340403573703,0.1226115261137
0.886356167151465,0.136012098458799
0.900528186469792,0.146953245268824
0.915666433204578,0.155316440321525
0.931516771131432,0.160998079085881
0.947791835527412,0.163882799674207
0.964202735185124,0.163904903755347
0.980466061347572,0.16105712172127
0.996303887708156,0.155390612687068
1.01144377041067,0.147014964490959
1.0256344391113,0.136080097776472
1.03862121583558,0.122819356589509
1.05016573185925,0.107544675621833
1.06007846715313,0.0906100213912928
1.06821875350929,0.0724113885053965
1.07449477454105,0.0533867996613136
1.07886203100314,0.0340118902470702
1.0813042751688,0.0147543054417939
1.08184854243044,-0.00391417341431741
1.08056776096318,-0.0215668031484229
1.07757829293663,-0.0378332746878555
1.07303993451485,-0.0523997130601221
1.06714830839055,-0.0650102135705692
1.06010065465886,-0.075482183144027
1.05212315824802,-0.083703694358424
1.04344269421915,-0.0896281727283975
1.03428279294034,-0.0932745666364023
1.02486364008667,-0.0947273473327104
1.01540173776216,-0.0941357800245869
1.00609093299221,-0.0916655841169231
0.99711227919547,-0.087501455500796
0.988630501307222,-0.0818517823399001
0.980784814338424,-0.0749322267650964
0.973688923375685,-0.0669657248744127
0.967431023581274,-0.0581824867330432
0.962075850133943,-0.0488077281572538
0.957674980866736,-0.039039919432925
0.954261964082261,-0.0290827470518856
0.95185021317179,-0.0191242715139508
0.950433069212365,-0.00933579304056453
0.949983800966801,0.000128148425200536
0.950455652933786,0.00912979219027155
0.951794453921633,0.0175478155117556
0.953939626140361,0.0252641963620234
0.95681676275358,0.0321747643263114
0.960342779672976,0.038195028274365
0.964425915558317,0.0432601763604392
0.968965731817449,0.0473250760232977
0.973859176190041,0.0503593066148415
0.979003027301467,0.0523408883004152
0.984291577691864,0.0532675544364352
0.989621110224933,0.0531576320247898
0.994889898087938,0.05205004171284
1,0.05
0.231499190789341,1.1431886267151
0.344233254200797,1.113150047388
0.454416147260707,1.09154036252234
0.562732108503088,1.07497603704864
0.669479781810233,1.05965198862025
0.774564721695955,1.04146693986118
0.877499454188687,1.01602429627286
0.977476183724722,0.978835860606484
1.07296642786568,0.92548610317262
1.16201144570697,0.852544622727509
1.24260814983125,0.758141259639599
1.31270968353139,0.641966949082408
1.37026332261136,0.505412298572342
1.41342764371102,0.353055053613203
1.44073454116774,0.191404950641857
1.45158286163887,0.0277547707757675
1.44628816077265,-0.129802289258387
1.42599590662002,-0.272804724797022
1.39244687261468,-0.395182136651204
1.34787098294097,-0.493245499644874
1.29470040027912,-0.565352543697014
1.23555910873448,-0.611920338668431
1.1730244561419,-0.635042700435967
1.10922459436926,-0.637804558285334
1.04602234258099,-0.623730631855266
0.984925079048965,-0.596342765079595
0.92708797123819,-0.559154282056816
0.873413433663083,-0.515197284184671
0.824368722064279,-0.466707122612849
0.780220276958926,-0.415595345040981
0.74114652262171,-0.36345169131472
0.707237867084849,-0.311544093425737
0.678496702138098,-0.260818675511723
0.654837403328743,-0.211899753856387
0.636086329961608,-0.16508983688946
0.62198182509905,-0.120369625186691
0.612178868177004,-0.0774106420471385
0.606506564359299,-0.0362646349850042
0.604850707198715,0.00293298349022617
0.60702377686791,0.0402375708229159
0.612838432910893,0.0756852378812764
0.622107514243016,0.109292848957367
0.634644039150979,0.141058021767094
0.650261205292825,0.170959127450211
0.668772342062674,0.198955189966991
0.689984635905134,0.224949955584655
0.713690162701929,0.248738779042444
0.739655189687342,0.270068851783601
0.767616348889095,0.288648446650115
0.79728063712834,0.304146917882718
0.828325464121256,0.316194878037223
0.860404829162733,0.324429067266253
0.893098967884548,0.328401380511703
0.925943661219424,0.327684632332616
0.958456275216125,0.321958218965794
0.990135761039458,0.3110081183258
1.02046268012129,0.294726874715188
1.04893470231631,0.273114629399494
1.07499829232002,0.246431733300473
1.09812484727074,0.215166805372845
1.11788551567941,0.179981581597104
1.1339511974296,0.141710914979517
1.14609254377751,0.10136277555212
1.15417421326706,0.0600874215218024
1.15814766091677,0.0190979667065204
1.15808131675055,-0.0204185254680201
1.15415981118426,-0.0574095072884567
1.14668368475501,-0.0909594653571451
1.13606754810779,-0.120290171234671
1.12275539545334,-0.144818880124237
1.1072517363571,-0.164245188428188
1.09008328319541,-0.178454197262925
1.07175888744027,-0.187500048987575
1.0527695396593,-0.19160592720399
1.03358836951579,-0.19116405675675
1.01465883757504,-0.186693477058355
0.996350814802066,-0.178655244137871
0.979003989785566,-0.167574162751311
0.962904746752114,-0.153968083698326
0.948282989174523,-0.13833740351339
0.935312139771845,-0.121165064465809
0.92410921767519,-0.102916304838778
0.914754622370829,-0.0839908529391605
0.907305898657981,-0.0647394062232494
0.901784958162052,-0.0454970723075626
0.898182420078961,-0.026562220273735
0.896457611175149,-0.00819648066852031
0.896538565787575,0.00937525449620885
0.898322271152012,0.0259647924118228
0.901700240682658,0.0414038252521752
0.906555374078494,0.0555139604678222
0.912748326515845,0.0681358880499626
0.920125813443696,0.0791351053399426
0.928520610583697,0.0884019170292562
0.937751553930154,0.0958514351595446
0.947632001133242,0.101416854095316
0.957971310601196,0.105037154927053
0.968572670526103,0.106681973452397
0.979240343574971,0.106357263008223
0.989779666889723,0.104105294470642
1,0.1
-1.8284941547816,-0.157578742798979
-1.82289444880507,0.26700891212312
-1.77691453063206,0.646834293435438
-1.69595147808707,0.957411463965337
-1.58792262858681,1.1840197010245
-1.4618245228013,1.32418957974223
-1.32563495422529,1.38873312358729
-1.18615195717044,1.39215051776727
-1.04866055614711,1.35117840524682
-0.916886218831535,1.28219095250975
-0.792814756066345,1.19707191590998
-0.677530171833934,1.10539697236206
-0.571487204580845,1.01421752376151
-0.474511327217769,0.928060696984847
-0.385809031821765,0.84896832440553
-0.304515222383625,0.778238691839008
-0.229827051452445,0.716316966000032
-0.160873176614104,0.663009212672564
-0.0968217202836762,0.6180362366731
-0.0368802697054323,0.581033581850672
0.0197041230471576,0.551551531086853
0.0736449410714278,0.529055106295748
0.125616202635515,0.512924068424003
0.176252461178358,0.5024529174508
0.226145795768517,0.496856615410734
0.275729423099466,0.495551018331212
0.325381518809031,0.498047365240187
0.375453803080094,0.503748180738249
0.426229184002274,0.511999793819922
0.477921757571923,0.522092337873662
0.53067680769213,0.533259750681859
0.584570733815038,0.544680203317902
0.639595142358887,0.555445370985109
0.695619885386339,0.564436857879808
0.75239783354959,0.570457374483963
0.809566657554478,0.572270847915777
0.86664882816049,0.568602421929688
0.923072266302005,0.558161943015496
0.978127427423463,0.539740619428749
1.03084923750609,0.512319639507746
1.08028023114611,0.475330726099072
1.12549282655622,0.428675615338741
1.16558932556559,0.372726056652192
1.1997096161787,0.308334372144014
1.22709042047362,0.237133944145869
1.24708251309836,0.161426652643701
1.25932426194321,0.0837047675309639
1.26376803312166,0.00662471013345446
1.26067929290104,-0.0669946546504104
1.25054843645875,-0.134491414803201
1.23408268625102,-0.193842096775511
1.21214884313692,-0.243590349933072
1.18572113255332,-0.282876311995835
1.1558812045149,-0.311436609037978
1.12374173470782,-0.329534003446014
1.09029115535568,-0.337841660473656
1.05646717632606,-0.337324526756566
1.02309264132552,-0.329077790829619
0.990874195462728,-0.314325086340748
0.960400050648521,-0.294356459921072
0.932122239646334,-0.270229444063897
0.906391522382247,-0.242994128263114
0.883483733563371,-0.213593197558444
0.863600165566363,-0.182842076712388
0.846867568437428,-0.151428930210233
0.833338149892316,-0.119914662260047
0.822989575316322,-0.0887329167926817
0.815724967764291,-0.0581900774617706
0.811406668542415,-0.0285013318378909
0.8099888234625,3.98362666667734e-05
0.811356799786507,0.0271979390514144
0.815365884182336,0.0527655238287312
0.821850049984884,0.0765546881751586
0.830621957196045,0.0983970799314003
0.841472952484713,0.118143897202322
0.854184421872026,0.135660851848847
0.868528675460566,0.150764228246297
0.884251623417773,0.163260600697615
0.901085273284328,0.17298477772198
0.918747812364581,0.179799891775946
0.936943607726554,0.183597399253442
0.955379315971561,0.184291599463983
0.973756871658071,0.181818426296052
0.991718594439257,0.176189315584862
1.00893376963099,0.167488799601432
1.02510346136637,0.155873502032375
1.03996051259572,0.141572137979896
1.05326954508662,0.124885513961791
1.06482695114541,0.106186297884516
1.07445481800977,0.0859051772413489
1.0820018797761,0.0645637303127239
1.08737481814649,0.0427044723698509
1.09054311590854,0.0208585387526252
1.09153905693542,-0.000454315130373355
1.09045772618584,-0.0207257138018793
1.08743400094292,-0.0394899269217469
1.08262864927976,-0.0563599178988307
1.0762428152106,-0.0710226496830948
1.06850447215826,-0.0832567690314913
1.05966842295411,-0.0929326065079597
1.05,-0.1
1.48788454059254,-0.340748786542847
1.44612228059101,-0.489482854264255
1.39111760137974,-0.606046506899505
1.32611226977692,-0.688786961374188
1.25440572138889,-0.7388766383537
1.17923724537881,-0.759898069940319
1.10321545718202,-0.756479688110199
1.02849540565768,-0.73388061215719
0.956799897822626,-0.696852883296496
0.889413178437425,-0.64959491296635
0.827180930006389,-0.595751482828003
0.770512018199119,-0.538413834195346
0.719651166546739,-0.479940393607364
0.67464715745449,-0.421628238975924
0.635368105454882,-0.364412665579501
0.601656112357542,-0.309030045551383
0.573327267249213,-0.25601782787967
0.550171646493752,-0.205714538407275
0.531953313732134,-0.158259779831923
0.518410319882448,-0.113594231706152
0.509254703139898,-0.0714596504373119
0.504173170959524,-0.0314015008629407
0.502951202032813,0.00677982222858167
0.505454565964119,0.043123734597822
0.511516428373318,0.0778089552264134
0.520977019826864,0.110973904021564
0.533683635837795,0.14271670181606
0.549490636865729,0.173095170368263
0.568259448316865,0.202126832362107
0.589858560543984,0.229788911407108
0.614159040912173,0.256015140202284
0.641006977544657,0.280646674794966
0.67023170341673,0.303431365839614
0.701629685826924,0.324056326699564
0.734961959092972,0.342148802947481
0.769954124551801,0.357276172365358
0.806298089646503,0.368958302213518
0.843635227466157,0.376696012699023
0.881513913995486,0.379860609081006
0.919440610453179,0.377897577934846
0.956886879461999,0.370358013835031
0.993289385048784,0.356898619355155
1.02806216834864,0.337278066250765
1.06061150254559,0.311438833163114
1.09025437156362,0.27967302851518
1.11639525140722,0.242522459404258
1.13854827202346,0.200765434769938
1.15633721730202,0.155416765394117
1.1694953546766,0.107725914283472
1.17785860445314,0.0591181510831017
1.18138616080342,0.0111165736336165
1.18018524540555,-0.0348623784987292
1.17451136180754,-0.0775554252127733
1.16476829542733,-0.115852445872445
1.15147513267706,-0.148814863974191
1.13517497007153,-0.17585416592187
1.11649949484431,-0.196693043934619
1.09606808395893,-0.211273729158928
1.0744803772079,-0.219756935457948
1.05231627721278,-0.22252185941149
1.03013468538457,-0.220161716456816
1.00841745968829,-0.21327542515095
0.987585501176978,-0.202475834264047
0.968008325569359,-0.188406040032183
0.949987878681691,-0.171682830797266
0.933758536427782,-0.152896687007038
0.919487104818987,-0.132611781215075
0.907281550031394,-0.11134218516482
0.897225736407141,-0.0894979879376658
0.889363051956084,-0.0674741372140573
0.883701590430429,-0.0456238869822768
0.880214885501528,-0.0242562101249442
0.878841910759886,-0.0036357984190184
0.879487079715155,0.0160169374642034
0.88202691565047,0.034521387412608
0.88634734520363,0.0516893586286789
0.892309022185602,0.0673351033588638
0.899753890122811,0.0812961094283899
0.908508004524334,0.0934328129853399
0.918381532881896,0.103628598500652
0.929173800679931,0.111792120218887
0.9406864086539,0.117843565388599
0.952690353115163,0.121696799998552
0.964957866144916,0.123305739714477
0.977266716331289,0.122668295365074
0.989400208769355,0.11982637294201
1.00114718506113,0.11486587359992
1.01230792608925,0.107906968509882
1.02269984331115,0.0990914651067394
1.03212576285473,0.0886495606201571
1.04042122088682,0.0768385921905815
1.04745919257743,0.0639359441786323
1.05315009209975,0.050239048165102
1.05744177263013,0.0360653829509553
1.06031952634809,0.0217524745573306
1.06178800966167,0.00763622134740027
1.06186961982956,-0.0059670447537272
1.06062642945515,-0.0187644352826545
1.0581499643358,-0.0305034928636813
1.05456120346282,-0.0409721912088038
1.05,-0.05
1.13944663045279,0.792601491374308
1.21472241182014,0.709216739876434
1.28065364582331,0.606329260969758
1.33536568341414,0.485453212817443
1.3772761953087,0.35009367699564
1.40522888044451,0.20578169183657
1.41849879544768,0.0589530158293552
1.41711798269901,-0.0838665359885957
1.40190310259947,-0.216086010685639
1.37433207566611,-0.331362612499696
1.33627035282651,-0.42587792630826
1.28994820509553,-0.497937023945319
1.23756235597921,-0.547251137754048
1.18126020938332,-0.574937816169297
1.12313967985286,-0.583520130418526
1.06503797711425,-0.576087165877878
1.00834515293683,-0.555573730128748
0.95422583550655,-0.524964479192864
0.903577932071048,-0.486919743783148
0.857032628939681,-0.443775529303725
0.814964450300534,-0.397541224511822
0.77762653070639,-0.349733981715251
0.745084644733077,-0.301349025537605
0.717328214993727,-0.253198682391292
0.69430900719217,-0.205944313180655
0.675941130122926,-0.160096313301969
0.662101035671208,-0.116014112643445
0.652627518812923,-0.0739061755852237
0.647321717614671,-0.0338300009993834
0.645947113233744,0.00430787775006594
0.648239167909903,0.0407256736519409
0.65405428165502,0.075345629501979
0.663239765007705,0.108080276409195
0.675606586168036,0.138879223031334
0.690954793045554,0.167659738901356
0.709073513259261,0.194306754427438
0.729740954137622,0.218672860892973
0.752724298502521,0.2405803049196
0.777770765145242,0.259806464068826
0.804591743339372,0.276021468084979
0.832866412136657,0.288882572239803
0.862242504176943,0.298051534248398
0.892336305688174,0.303194614269221
0.922738402007471,0.303988479117705
0.953019698510985,0.300151691848919
0.982662366175243,0.29144054485058
1.01115679594224,0.277754274895536
1.03801708632649,0.259149616733546
1.06278104341504,0.23584080309128
1.08501047857114,0.208199205073532
1.10431166338478,0.17675595509699
1.12031330163934,0.142297508785015
1.13273208451324,0.105728177342577
1.14140372263086,0.0680165296284139
1.14628294606255,0.0301953921550319
1.14744024092485,-0.00664560717098753
1.14501995657328,-0.0414881123249191
1.13926140806827,-0.0734300777829923
1.13047872937914,-0.101739222867103
1.11905195301253,-0.125870796521726
1.10542701001242,-0.145467577313908
1.09009152842106,-0.160351625714363
1.07350508628845,-0.170518816128276
1.05613866414927,-0.17612088171291
1.03843257670766,-0.177414694828212
1.02079380694239,-0.174760590824166
1.00359587066875,-0.168621925677896
0.987157175988917,-0.159476070878597
0.971755353953905,-0.147788970916121
0.957632569224722,-0.134035901749963
0.944981905610918,-0.118664287798279
0.933947366070583,-0.102093701937882
0.92462387271035,-0.0847158655042434
0.917057266785388,-0.0668946482914959
0.91126296518217,-0.0489493338614487
0.907253022617513,-0.031156056809442
0.905003297731082,-0.0137830835942395
0.904464624510167,0.0029306103286289
0.905563023075452,0.0187756037437966
0.908199699681024,0.0335720296760599
0.912251741013464,0.0471695096328537
0.917593649236736,0.0594311738559711
0.924087309329065,0.0702125839762729
0.931579337712952,0.0793913790836243
0.939906682496822,0.0868719818116723
0.948896623475022,0.0925855983378475
0.958367342179899,0.0964902061920947
0.968141214165107,0.0985633456061151
0.978028894717146,0.0987958867840065
0.987843259116754,0.0972127789902042
0.997407422555042,0.0938761899039504
1.00655474013349,0.0888855056192944
1.01512885648466,0.0823772183674966
1.02298759150895,0.0745119491562524
1.02999942399603,0.0654802164585091
1.03605467460381,0.0554990563335871
1.04107103214677,0.0448035600848215
1.04499355359608,0.0336468742595614
1.04779117194272,0.0222921400234131
1.04945389096818,0.0109937913826895
1.05,0
1.03151766845672,1.06254712985891
1.1344300239877,0.991942632887394
1.22910003704128,0.897222577825136
1.31312008074182,0.776273615683208
1.38375465052758,0.629920092502378
1.43845080989879,0.462100549154803
1.47547242964792,0.279243246161668
1.49390420851475,0.0902606297419442
1.49368158172975,-0.0940827959834936
1.47570977521008,-0.26395424054139
1.44171129837695,-0.411688833196752
1.3941765991764,-0.531827070224536
1.33623814818043,-0.621227939268941
1.27093400736869,-0.680083900036001
1.20119082689172,-0.710776531916082
1.12961674916486,-0.716807395430276
1.05847713215915,-0.702765836177721
0.989621311671416,-0.673257802569313
0.924271716179901,-0.63235011187296
0.863334785815474,-0.583710713805661
0.807479405182371,-0.530383909015666
0.75713690335819,-0.47479034908248
0.712501053893893,-0.418727036516858
0.673528074813805,-0.363367324760809
0.639957466388695,-0.309301625220342
0.61166375623615,-0.257152476920396
0.588471551909265,-0.207180298195891
0.570150382954488,-0.159461691266615
0.556475100822752,-0.114029226197845
0.547225878869472,-0.0708714409003548
0.542188212354546,-0.029932841130405
0.541152918442355,0.00888609951025085
0.543916136201764,0.0457289395743671
0.55027932660612,0.0807832697692071
0.560051329876198,0.114268382821664
0.57308504479473,0.146226975127596
0.589242747306829,0.176654030726951
0.608371084089049,0.205522172875316
0.630305039800646,0.232747559235281
0.654867937083584,0.258189881876441
0.681871436562536,0.281652367275395
0.711115014981089,0.302883914902722
0.742365516561628,0.32158102234001
0.775341378585782,0.337306606482867
0.809717918591356,0.349591033746627
0.845126351207973,0.357958419700721
0.881153788157079,0.361926629068676
0.917350228263581,0.361016303502825
0.953228546101236,0.354798990830947
0.988185786568716,0.342893501998629
1.02162444336556,0.325107781253943
1.05296994849036,0.301457795135441
1.08167067224078,0.272167532472154
1.10719958633856,0.237667797599705
1.12908213945493,0.198634682018169
1.14687240316829,0.156089247535291
1.16024890490977,0.111189794060588
1.16904225916362,0.0651882891219354
1.17323516746718,0.0194303678655735
1.17295078624688,-0.0246743896224359
1.16840657727,-0.0658565749723663
1.15994330965012,-0.103027863329832
1.14798673812088,-0.135344760496217
1.13304337386077,-0.162216461715886
1.11570036034265,-0.183304778394363
1.09655549793947,-0.1985016086067
1.0761843894527,-0.207939228027528
1.05515274396149,-0.211913251090212
1.03397985232996,-0.210841647268291
1.01313858720721,-0.205264741075473
0.99305077551278,-0.195825545936012
0.974060837328651,-0.1831107567955
0.95647381839468,-0.167723188874885
0.940541420916279,-0.150236038638892
0.926457604891933,-0.131177072872447
0.9143585881132,-0.111028628680683
0.904322846164709,-0.0902276134889358
0.896371116388449,-0.0691655024388722
0.890502775375691,-0.0481727319705671
0.886713455327019,-0.0275428873474544
0.884957552208319,-0.00755307627575313
0.885163773263521,0.0115513369416289
0.887235137014597,0.0295567314050943
0.891048973261557,0.046281229618357
0.896458245041702,0.061574377278876
0.903315579084467,0.0752924989934288
0.911457800750362,0.0872793313497816
0.920705980421691,0.09740198513783
0.930870400082548,0.105554871513562
0.941750553318818,0.111659701999057
0.953136175108841,0.115665525827895
0.964819712977061,0.117540879856125
0.976580911585642,0.117270663712448
0.988203790798505,0.114881440528644
0.999482603267177,0.110444590181991
1.01022183443079,0.104076309295274
1.02023674718062,0.0959355464522624
1.02935730377803,0.0862117990579459
1.03743432090187,0.0751338490308534
1.04434639439374,0.062965312391683
1.05,0.05
-1.697868366706,0.542064625007521
-1.63006213976103,0.804026842758585
-1.53938660581702,0.999376122204706
-1.43249076234019,1.12625011786749
-1.31613474680364,1.19073922476449
-1.19603824113545,1.20363184445772
-1.07663893066808,1.17767436947929
-0.961309380902458,1.12440062007744
-0.852337425052576,1.05382782076235
-0.750934965994589,0.974454666781487
-0.657675120980256,0.892585441069646
-0.572533991933969,0.811686444884753
-0.495195853538178,0.734281612739423
-0.425251681350345,0.662253250473732
-0.362199151802958,0.596842035255224
-0.305442642203523,0.538647015578904
-0.254293230734564,0.487625611267242
-0.207968696453628,0.443093613470172
-0.165677891779413,0.404025536043397
-0.126988801011881,0.370395070136299
-0.0914116604791926,0.341824646961124
-0.0584675827799336,0.317886390458158
-0.0277113555446516,0.298184294736906
0.001268558564144,0.282354224076088
0.0288500218519807,0.270063912923647
0.0553772215924236,0.261012965896739
0.0811606700270761,0.254932857781744
0.106477204365578,0.251586933534256
0.131573217801459,0.25076548598857
0.156693240620538,0.252291063685432
0.182074907953854,0.256033729012091
0.207939825319546,0.261863849934965
0.234493779074247,0.269648910590208
0.261926736413082,0.279253511283714
0.290412845369673,0.290539368491114
0.320110434816133,0.303365314857778
0.351162014463071,0.317587299198814
0.38369427485959,0.333058386499068
0.417819533908786,0.349610592407597
0.453643080991155,0.36698097703179
0.491239019422924,0.384875296246837
0.530637560628199,0.402926803219842
0.571824982160564,0.420690442682137
0.614743627703088,0.437642850929283
0.659291907069361,0.453182355842339
0.705315926673509,0.466668917809503
0.752557105109511,0.477266428541766
0.800663870537162,0.484039257405376
0.849204635816556,0.48607661608942
0.897667798508087,0.48249255860582
0.94546174087245,0.472425981289339
0.9919775072241,0.455026528348711
1.03639655222168,0.429720313385639
1.07781060348412,0.396355370635787
1.11540554065324,0.355139772464179
1.14846143705123,0.306641610672219
1.17635255968069,0.251788996497692
1.19854748004707,0.191870641427126
1.21462364566027,0.128664406531453
1.224314511472,0.0643493107719903
1.22757506062784,0.00103125771241078
1.22459558308251,-0.0592980467285021
1.21580167559992,-0.11476109427686
1.20181042802109,-0.163656283170069
1.18331666549864,-0.204848213339393
1.16113840323728,-0.237675443390615
1.13610640384684,-0.261864569369502
1.10905828473814,-0.277532151076357
1.08083851812301,-0.285184712066024
1.05223749855974,-0.285572240066666
1.02392427725659,-0.279505195323912
0.996507373393734,-0.267902456089014
0.970498156176332,-0.251674777239333
0.946310714866294,-0.231724458964491
0.92426207220448,-0.208943344892209
0.904588075311799,-0.184089679266955
0.887462474694604,-0.157807002662918
0.873005570102025,-0.130690601199709
0.861288182183567,-0.103259036650433
0.852331652489114,-0.0759541464416926
0.846107843468922,-0.0491410436535855
0.842539138473627,-0.0231081170197051
0.841501797310528,0.00193012015257928
0.842894177825856,0.0257558199667101
0.846597285799504,0.0481430674529893
0.852460381798542,0.0688910795573594
0.860312859217392,0.0878182834993031
0.869964244277823,0.104762316771844
0.881204196028959,0.119580027141548
0.893812026489897,0.132144691667241
0.9075573880421,0.142304889693114
0.922189182929261,0.149917843496163
0.937448859907693,0.154878935452275
0.953070518072555,0.157121801588361
0.968780906857855,0.156618331582354
0.984307351055187,0.153377526306232
0.999373605148482,0.147447289248449
1.01371167188939,0.138936515467482
1.02707504872955,0.128020714978551
1.0392387278206,0.114942012753622
1.05,0.1
0.586927045996357,-3.13770480077009
0.282692661840672,-2.95156064041006
-0.00440222775062776,-2.79450322669806
-0.277431862961178,-2.67162563340637
-0.539577216560004,-2.57427068890247
-0.792624868230413,-2.48416496904808
-1.03589966026034,-2.37597766047541
-1.26619399462082,-2.22181286469326
-1.47793246142624,-1.99201229574188
-1.66198976153682,-1.66523396403977
-1.80769388514031,-1.23957946411374
-1.90651567842721,-0.732179215317395
-1.95237451297633,-0.181400143548057
-1.94386436526255,0.353173880117705
-1.88426535533036,0.82876128116892
-1.78090721682402,1.21235367756647
-1.64505578782792,1.47918915519821
-1.48863695869275,1.6290421254959
-1.32207005428626,1.6848256434708
-1.15376218820508,1.66946439364711
-0.989844490939954,1.60456617795051
-0.834172109875801,1.51042191570818
-0.688431452962854,1.40545492260739
-0.553218031580995,1.30003229133467
-0.428206028480093,1.20011437667938
-0.312683659591398,1.1100514049385
-0.205663252848234,1.03233114843704
-0.105881248185993,0.967578925528021
-0.0118866119669211,0.914848539632314
0.0774320379457558,0.873524168494771
0.163158038438986,0.842534202125329
0.246257865431946,0.820573993428637
0.327550019751232,0.806201189337785
0.407705027130855,0.797835730814297
0.487245438212247,0.793759852848139
0.566535226481175,0.792132511650644
0.645709876893358,0.790865118734841
0.724670636955961,0.787654303242531
0.803096071136724,0.780130981349759
0.880442038581275,0.765862478388452
0.95596727369503,0.742366602934432
1.02869658118745,0.707294662383125
1.09718488564448,0.658847724496311
1.15999723502274,0.59611600121997
1.21576716864559,0.519103894442414
1.26319671720303,0.428729995994283
1.30107811155162,0.326909312609462
1.32842250839209,0.217255510059244
1.34454361974358,0.104119226686188
1.3492740083815,-0.0080499244405309
1.34298574295134,-0.114693434105724
1.3265638700567,-0.211214602617493
1.30118039081546,-0.294136714716484
1.26830550239957,-0.36140335112239
1.22951168899075,-0.41200170825729
1.18643832998873,-0.445978841784887
1.1407763270085,-0.464339635654919
1.09400656523313,-0.468261828092155
1.04739344603522,-0.460077879203144
1.00203645262925,-0.442155315945523
0.958853071446016,-0.416612523411686
0.918578792132645,-0.38531874482879
0.881767107552581,-0.349894081558752
0.848789513785591,-0.311709493098246
0.819835510127765,-0.271886797078709
0.794912599091514,-0.231298669266337
0.773880360808302,-0.190585454290147
0.756836541756159,-0.150332186063602
0.743768799563739,-0.110939825596369
0.734579119225103,-0.0727174352176599
0.729146512450334,-0.0359192485210573
0.727327017665533,-0.000744670364515226
0.728953700012822,0.0326617231296402
0.733836651350342,0.0642101845747118
0.741764841033485,0.0938616685915162
0.752548932894352,0.121508056507328
0.765991076636353,0.146980648822652
0.781866421526136,0.170108360059005
0.799930479275704,0.190706223415336
0.819919124042413,0.208575390768021
0.841548858013216,0.223503816509855
0.864531390559902,0.235299277483414
0.888526679131718,0.243679353001504
0.91316407504488,0.248368756047739
0.938063895993263,0.249161343977293
0.962837426048409,0.245920118516903
0.987086915659522,0.23857722576487
1.01041428445952,0.227126036050533
1.03244610513482,0.211623991465982
1.05273479298314,0.192352172484114
1.07088543627477,0.169706973894539
1.08657836292418,0.144178206887874
1.09956914049008,0.116349099055747
1.10968857617542,0.0868962943907941
1.11684271682735,0.0565898532866597
1.12098724202864,0.0262500931298394
1.12213450162258,-0.00330741304549982
1.12039015753174,-0.0313229122110422
1.11593744494726,-0.0571343221885937
1.10903717232885,-0.0801772316500804
1.1,-0.1
-0.0487845951590063,-2.56781023929997
-0.299888421612635,-2.45897490462619
-0.541328200670945,-2.37228126871074
-0.774600586871555,-2.29225601061271
-0.999382326574643,-2.19784096110404
-1.21289397651596,-2.06470203342611
-1.4101826065131,-1.86985311659876
-1.58439141497566,-1.59393828424547
-1.72635575016692,-1.231418358363
-1.8279050762206,-0.793734841477907
-1.8832501936258,-0.30911065850806
-1.88989288020642,0.177852769937509
-1.84934771475523,0.624615546031356
-1.76722450203818,0.997248629316896
-1.65286014623969,1.27146814870471
-1.5163137396224,1.44436097326888
-1.36710301751882,1.52648541900068
-1.21340464335565,1.53569818240459
-1.0617010936901,1.49353436291172
-0.915885759353149,1.41822926316633
-0.778409315361255,1.32530183091526
-0.650672557220868,1.22647612492921
-0.533026400928455,1.12968131500274
-0.424785066930521,1.03909085217621
-0.325063770770679,0.957335216329827
-0.232987130487257,0.885719926466797
-0.147513941751332,0.824507758079905
-0.0676342722452104,0.773655678876966
0.00763053833757668,0.732814848780817
0.0792278782922737,0.701330619929323
0.148073863902899,0.678242536675374
0.215030236924718,0.66234392438876
0.280734007735978,0.652730287047161
0.345758088102569,0.648451170324412
0.410579134775251,0.648432234946152
0.475557879608665,0.651512886442752
0.540939129561334,0.656446275149313
0.606851847810795,0.661899899725419
0.673302530839423,0.666475980300745
0.740099398281084,0.668470539798423
0.806874036121512,0.666095424761414
0.873100887750812,0.657604362798178
0.938097253963455,0.641292962582669
1.001048128981,0.615495005248473
1.06099153965661,0.578766487927911
1.11662048268056,0.530387889298474
1.16671300794741,0.470355429863459
1.21018393594415,0.399366707378527
1.24608485775016,0.318820696851694
1.27360717247702,0.230829310309573
1.29215198043386,0.138516501754964
1.30139663403283,0.0454984710250413
1.3013890578296,-0.0447895230767849
1.29256789093342,-0.129103467286696
1.27576148943262,-0.20439147577253
1.25201446300502,-0.268187042635507
1.22254338617111,-0.319249255679903
1.18865007014844,-0.357059855048229
1.15161444458143,-0.381757843605529
1.11269455754137,-0.394139486939376
1.07311034059453,-0.395603388385156
1.0338707222182,-0.387590235097218
0.995838565494471,-0.371661820672797
0.959738092542197,-0.349340737915032
0.926141548501058,-0.3220542548217
0.895469201531564,-0.29113431458521
0.86800966315424,-0.257753475099876
0.843961846169374,-0.222782771957672
0.823437959287461,-0.186985823256144
0.806498738672468,-0.151015518973063
0.793154181182236,-0.115412542725105
0.783363544368477,-0.0806053717678563
0.777035346476774,-0.0469102769958068
0.774027366446582,-0.0145313229423549
0.774152025315813,0.016431089294561
0.777274534995772,0.0458023422041658
0.783245723391934,0.0733881843633486
0.791881373319189,0.0990199435048109
0.802978873655017,0.122531710696816
0.816317219339487,0.143760340343188
0.831657011375254,0.162545450183313
0.848745475977988,0.178731469651089
0.867315904966314,0.192119625504989
0.887072321309872,0.202485921237096
0.907703378365971,0.209640466199177
0.92888288589076,0.213428676680924
0.950269810039225,0.213731275909954
0.971519852985701,0.210468491233138
0.99227085000942,0.203610577249722
1.01214451485362,0.19320737115209
1.03079250879412,0.179408727684018
1.04789717354202,0.162464764049533
1.06317153124369,0.14272585991291
1.07636274560246,0.120631086657128
1.08725164798361,0.0967134568659557
1.09567404570457,0.0715767272933437
1.1015395697022,0.045852503417374
1.10483183199435,0.0201998090208471
1.105597498291,-0.004718805655756
1.10393293605941,-0.0282995152363885
1.1,-0.05
0.0113170765863952,-2.52312983359004
-0.235138543655418,-2.41088001897841
-0.471683923399044,-2.32306982356286
-0.700160041451691,-2.24670432486108
-0.920859709493735,-2.16333927570868
-1.13188481794645,-2.05091396815112
-1.32927315567638,-1.88742314803614
-1.50719696639283,-1.65257771669628
-1.65735236212159,-1.33633853061702
-1.77169251904397,-0.943555695945871
-1.84387787745678,-0.494217574162091
-1.87013562545236,-0.0259587213497365
-1.85019110822871,0.420952919484731
-1.78767237445064,0.812123843746278
-1.69018881418532,1.11835847616764
-1.56712036404799,1.32760822975875
-1.42782001150093,1.44553050065878
-1.28064118917835,1.48530357218465
-1.13263994237361,1.46665479989024
-0.988668927369614,1.4081469613261
-0.851726020002175,1.32569189470846
-0.723700885332234,1.23193743264386
-0.605390045687212,1.13598214468355
-0.496531840432818,1.04349123021943
-0.39652976916758,0.958346137044268
-0.304552981911418,0.881934341992655
-0.219674383140019,0.814826050354708
-0.14098082647827,0.757318585655903
-0.0675731147002547,0.709436389657067
0.00143400027074014,0.670931022354384
0.0669118173622288,0.641281161979394
0.129717686352526,0.619692604998992
0.190695007870748,0.60509826611543
0.250652295221862,0.596204316074756
0.310037415574349,0.592312311560886
0.36926166634112,0.592726028197008
0.42870814895622,0.596535281809099
0.488659794199947,0.602747497745879
0.549299362198854,0.610287710878811
0.610709442425747,0.6179985656021
0.672870456616149,0.62466899241898
0.735595311412129,0.628840964308875
0.798530288694255,0.628913861750235
0.861183304126469,0.623331533015903
0.922923997769406,0.610582961128769
0.982989530840991,0.589200443378643
1.04054744745552,0.557820102933862
1.09441437406798,0.515671713977346
1.1434142906695,0.46264369841232
1.18650370069241,0.399244356194019
1.22277163101028,0.326601865329681
1.25143963193789,0.246464281878552
1.27188958732887,0.16133134170554
1.28373785399343,0.0744700323344163
1.28690877042212,-0.0109264385933884
1.28167913086585,-0.0918560016549391
1.2686783842651,-0.16550724987167
1.24882442361922,-0.229345764408038
1.22314875712364,-0.281828828871138
1.19286418725783,-0.322257053583585
1.15916271676427,-0.350492911116887
1.12320325017581,-0.366959970726999
1.08611159381564,-0.372642898354319
1.04895058048628,-0.36897183057586
1.01256707507336,-0.357247023061969
0.977696135694133,-0.33888804502028
0.9449453193297,-0.315239773608909
0.914788073953129,-0.287542704165627
0.887563738529452,-0.256932950207854
0.863487325518506,-0.224421924732928
0.84271309325512,-0.190764062497688
0.825320483205552,-0.156596350926066
0.81134051254225,-0.122472400061854
0.800760392253292,-0.0888561413656937
0.793523527142389,-0.0561218277150704
0.789529515828884,-0.0245540334043171
0.78863415074775,0.00565234585538817
0.790657488122413,0.0343799886184639
0.795460429403628,0.0614464465509173
0.802878590623141,0.086659708510046
0.812720143150883,0.109843121228779
0.824774436113446,0.130825376635193
0.838811996394093,0.149440511852515
0.854584539125777,0.165527926586648
0.871834500361604,0.178933437254866
0.89028213776237,0.189455807356883
0.909625284409238,0.196902958392082
0.929550578787971,0.20112546906337
0.949733464788938,0.202016575277179
0.969838472776687,0.199512229190766
0.989533964291764,0.193596187195301
1.00846665368125,0.184314656029757
1.02629605741287,0.1718019121
1.04271424417781,0.156285913459545
1.05744583489074,0.138088299809557
1.0702484324715,0.117621207385474
1.08091455840171,0.0953679524748412
1.08928484264944,0.0718806161774628
1.09526534706053,0.0477467517821528
1.09882808930035,0.0235836530245017
1.1,0
1.12316851648577,-3.23093724833347
0.807952274054739,-3.06913719131812
0.510119287111176,-2.88316255057927
0.23030959413822,-2.71079486711311
-0.0332399631024439,-2.57004065525403
-0.284387989562298,-2.46016976845777
-0.525914284617485,-2.37270225700485
-0.759231727133319,-2.29280351834145
-0.98405026650602,-2.20026013905444
-1.19824253201968,-2.07130198750594
-1.39654752682175,-1.8813359110584
-1.57174671730521,-1.6125347503146
-1.71590807526756,-1.25821620220942
-1.82107519976273,-0.827621933321407
-1.88031223523957,-0.349178957071323
-1.89037116766761,0.140134180735016
-1.85295295186226,0.594577231631487
-1.77392147681838,0.972011197684311
-1.66200744565022,1.25269218816845
-1.52684975292235,1.43210104072251
-1.37845507587974,1.51993934187806
-1.22529679708695,1.53390973053854
-1.07336513806455,1.49526878095032
-0.927074988666614,1.42281349132713
-0.789257589978133,1.33170486305194
-0.661160534315024,1.23346790067694
-0.542763398402679,1.13640529009401
-0.433778875387973,1.04542689935416
-0.33337544451456,0.96245887630524
-0.240670434671334,0.888867411225293
-0.154757028690497,0.825531469057886
-0.0747042633475586,0.772842789412115
0.000442970638661305,0.73070588656261
0.0716639286060342,0.698538049449524
0.139962011949123,0.675269341678545
0.20636476811918,0.659342601520887
0.271726175076778,0.649208947797185
0.336369590004872,0.644451170123599
0.400771493463872,0.644079569964535
0.465308177656776,0.646967681141551
0.530237600150577,0.651893091037564
0.595699383876265,0.657537440596846
0.661716927762979,0.662506506421611
0.728159237664199,0.665270783989934
0.794679457432242,0.664002508032482
0.860772751135524,0.656925661718589
0.925782288413507,0.642351449754162
0.988899244476691,0.618678298381683
1.0492267348557,0.584398303310284
1.10560050878564,0.538554491815271
1.15670437881087,0.481023311010742
1.20138932171252,0.412390182101032
1.23867651852419,0.333948116869524
1.26775735453192,0.247697717678654
1.28800638047253,0.156400184729397
1.29906032716416,0.063646926360899
1.30088829626091,-0.0269916591498462
1.29383559807585,-0.112242331070311
1.27862551250939,-0.189127686193105
1.25630529195475,-0.25506009882664
1.22802561536903,-0.308516598432119
1.19507039064411,-0.348840679879283
1.15872296710988,-0.376044976294417
1.12025575898553,-0.390815390666187
1.08089852685173,-0.394325222524735
1.04166702719066,-0.387786013995211
1.00345329130663,-0.373005248148258
0.967019458799937,-0.35166818060035
0.932992214029435,-0.325277011896036
0.90186278611248,-0.295150887507943
0.873986948924946,-0.262425897836776
0.849585021101226,-0.228055078211314
0.82874186603423,-0.192808408888417
0.811406891875385,-0.157272815053019
0.797469094549771,-0.121892856825829
0.787017351709457,-0.0871235144744373
0.779993269907387,-0.0532915796675305
0.776295360515324,-0.020672334856557
0.775797228936464,0.0105002613960525
0.778347574605437,0.0400335744168839
0.783770190988305,0.0677762934215405
0.791864386576492,0.0936178909265341
0.802433582656247,0.117428253344678
0.815273810571327,0.139014800739932
0.830154189098755,0.158187838407329
0.84682459265251,0.174761362919405
0.865015651283529,0.188553062126206
0.884438871285732,0.199384525960165
0.904796330424423,0.207091418220283
0.925758736485563,0.211482678092825
0.94698047007076,0.212404591463217
0.968113172040029,0.209771459698445
0.988805743511784,0.203565599647054
1.00870560658032,0.193837322229687
1.02746952394494,0.18071300273851
1.04475446141751,0.164418656560547
1.06025624806819,0.14527942396822
1.07371774664229,0.123718471843476
1.08492850497967,0.100255389437644
1.09372338545543,0.075472905597402
1.1,0.05
2.50402549544282,-1.29291009643926
2.31753880285506,-2.37667361745242
2.04193911140569,-3.06768259611452
1.71645599770536,-3.38947824525781
1.37327170248623,-3.43619369265956
1.03467106278282,-3.32377490145204
0.711285275324264,-3.14179603549052
0.406155919163468,-2.9485345059362
0.119517435683233,-2.77959544214027
-0.151066342973652,-2.64770029968342
-0.410249536216626,-2.54438551663431
-0.660281210285048,-2.45680440671302
-0.901539097480776,-2.36536248544775
-1.13236690909467,-2.24508976797956
-1.34891646055335,-2.06772966682965
-1.54362272279109,-1.80863605799139
-1.70735687990892,-1.45621095896473
-1.83141572808676,-1.01439759412668
-1.90907450764762,-0.521138556444634
-1.93721894260474,-0.0233032531798822
-1.91481712519561,0.461851896505171
-1.84508530763981,0.903745701707694
-1.73552196077777,1.25789501643498
-1.59721749216806,1.48622688251643
-1.44146655867881,1.60833372035601
-1.27802980324635,1.64529279972088
-1.11449401628302,1.61764407281867
-0.956259249711009,1.54575967836781
-0.806538816962382,1.44984394159752
-0.666737898514051,1.34664738763582
-0.537250239612819,1.24362573010312
-0.41769557857376,1.14666267139335
-0.30738003117138,1.05973970944854
-0.205300153396542,0.984911299360475
-0.110142941456469,0.922304853370641
-0.0205761690105344,0.87110562604627
0.0644292440895158,0.830865175541038
0.145928693439657,0.800532982878642
0.224849662195419,0.778946448916127
0.301991172513186,0.764832680848466
0.378023785550194,0.756808492208567
0.453489601464532,0.753380402867271
0.528791208653561,0.752945343393979
0.604134588642905,0.753706400100539
0.679527779349072,0.753681750235311
0.754778799580623,0.750784758401768
0.829495190495139,0.742825648112642
0.903100500178147,0.7275434121819
0.97480015211678,0.702754956575816
1.04339858423547,0.666401680262581
1.10763962336116,0.61711392342752
1.16625010914202,0.554278120082617
1.21793989404739,0.478036798066523
1.26145101992435,0.389410241540177
1.29562097145428,0.290952299891992
1.31951982817505,0.186070262383474
1.33269383911798,0.078629031769093
1.33517169502168,-0.0270496312299166
1.32742663754073,-0.126341343951355
1.31026913485874,-0.215423228441181
1.28484497716861,-0.291489520966221
1.25249671084842,-0.352737805281941
1.21475623665626,-0.398379407303541
1.17327204765668,-0.428583141525777
1.12950955453898,-0.444316137619775
1.08484301213362,-0.447099142364709
1.04047317376137,-0.438671988487864
0.997419301385636,-0.420981606695625
0.956529579818156,-0.396022022313549
0.918436187982637,-0.365374080247678
0.883568369551809,-0.330621401732086
0.85226217603162,-0.293151485166899
0.824763927549992,-0.254138610621721
0.801230212856821,-0.214543839835631
0.781727889323974,-0.175115016217187
0.766234082945289,-0.136386764844422
0.75463618833658,-0.0986804924648479
0.746731868735629,-0.0621043874954531
0.742310607586227,-0.0266997729905701
0.741342715021449,0.0071856377264341
0.743680662988656,0.0393867469791232
0.749151832372193,0.0697589855949799
0.757567505789578,0.0981625671064626
0.768722867591502,0.124462487751004
0.78239700386183,0.148528526471012
0.798356400974862,0.17023145381826
0.816360566324226,0.189379974006087
0.836140946693505,0.20573689363899
0.857406795236562,0.219073488069026
0.879845907921422,0.229170902587285
0.903124623530276,0.235820152423899
0.926893085128249,0.238830800067836
0.950777176803602,0.238030028521432
0.974375858659927,0.233285057976525
0.997294391848664,0.224562411770097
1.01914543666239,0.211929694702933
1.03954942496134,0.195555683484446
1.05814255959855,0.175718104781754
1.07459199426225,0.152816496798617
1.08861849688411,0.127367954310999
1.1,0.1
